1424590997,220127 1437,220206 1833,300.00,300.00,GTX 1660 TRIPPLE FAN,This GPU has been used but is still in perfect condition GTX 1660 TRIPPLE FAN.
1424561743,220127 0725,220127 0725,295.00,295.00,Gtx 1660 graphics card gpu pc gaming,Gtx 1660 gpu for gaming pc. Very good condition and works perfectly.
1424547239,220126 2022,220128 1332,350.00,250.00,GTX 1660 Super (Zotac Twinfan),"Used for about 2 years, bought in the midst of first lockdown to replace a broken rx 580 and used up until about 3 months ago when i replaced it with an RTX 3060ti, Had decent results overclocking it and it stays cool for a card it's size. Perfect ca"
1424533635,220126 1730,220404 1137,350.00,200.00,1660 ti,"Used and mined for a couple weeks in my 2 gpu gaming computer, no point mining with just 2 gpus so I'm selling them to get something just for gaming."
1424533225,220126 1730,220404 1137,350.00,250.00,1660 Super,"Bought it last October, selling it now. It mined for a couple weeks but no point unless you have 20 of them and I had only 2. Do what you will with this info. Does 30mhs on nicehash medium settings."
1424478832,220126 1730,220405 2315,360.00,275.00,Triple Fan 1660 SUPER,"Triple fan ready for any title. Gigabyte 6GB mem Triple Fan 1660 SUPER. Posted by Thai in Computers, Laptops & Netbooks, Video Cards & Sound Cards in Portishead. 25 January 2022"
1424478763,220126 1730,220405 2315,350.00,275.00,Gigabyte 1660 SUPER,"Twin fan 1660 SUPER. Awesome card suitable for any gamer. 6GB Gigabyte 1660 SUPER. Posted by Thai in Computers, Laptops & Netbooks, Video Cards & Sound Cards in Portishead. 25 January 2022"
1424478707,220126 1730,220405 2315,350.00,275.00,MSI 1660 SUPER,"Fantastic card which handles all games with ease 6GB Mem MSI 1660 SUPER. Posted by Thai in Computers, Laptops & Netbooks, Video Cards & Sound Cards in Portishead. 25 January 2022"
1424457781,220125 1730,220131 1404,280.00,280.00,Gigabyte gtx 1660 oc 6gb,"Gigabyte GTX 1660 OC 6gb Graphics card Used lightly for less than 2 months before upgrading to 2060 RTX, Open to offers, this is pick up only please. WINDFORCE 2X COOLING SYSTEM WINDFORCE 2X cooling system features 2x 90mm unique blade fans,"
1424457675,220125 1730,220202 0923,325.00,325.00,GTX 1660 graphics card,"Here I have my GTX 1660 for sale. This is the EVGA XC version which is a 3 slot graphics card, check clearance before purchase. The gpu performs brilliantly in games such as rocket league, forza horizon, gta and assassins creed. Haven't tried mi"
1424437149,220125 1730,220223 1626,349.99,299.99,Nvidia GTX 1660 6GB GDDR5 NEW,Card is new only once opened to test! With box and memory is SAMSUNG!
1424392356,220125 1730,220202 0923,270.00,240.00,Zotac Gaming GTX1660 / GTX 1660 6GB DDR5,"Card is in perfect, working condition. Able to play all modern games. Its very quiet and power efficient. Full box. We can test it on collection. Cash or bank transfer."
1424348687,220124 1730,220202 0923,300.00,300.00,Gigabyte Gtx 1660 Gaming oc 3 fan edition . GPU ONLY,Only reason for sale is I've now upgraded to a 6700XT. The card is great condition never skipped a beat . I only really play driving simulators so hasn't even been stressed . Only coming up a year old . Still have box and everything it came with .
1424326646,220124 1730,220128 1332,300.00,300.00,MSI Ventus XS GTX 1660 Super,"As per the title, for sale is a MSI GeForce GTX 1660 SUPER 6GB GDDR6, can be shown working before hand, item has been taken from an upgraded system and is spotless."
1424282520,220123 1730,220202 0923,250.00,250.00,Geforce GTX 1660,"Good condition, rarely ever used, open to offers local collection please, happy to post"
1424186659,220122 1730,220210 1843,299.99,239.99,ASUS Phoenix GeForce GTX 1660 SUPER OC Edition 6 GB GDDR6,Card is cool and quite perfect working condition. Play all games on 1080p and 1440p on highest setings. OC Edition: Boost Clock 1830 MHz (OC Mode)/ 1800 MHz (Gaming Mode) Collection only.
1423763895,220116 1730,220624 1241,430.00,330.00,Gtx 1660,Gtx 1660 6 gb gigabyte oc edition only like new used for 2 months
1423701906,220116 1730,220130 1453,340.00,340.00,Gigabyte GeForce GTX 1660 Super OC Edition,"Gigabyte GeForce GTX 1660 Super OC Edition, 6GB GDDR6, Dual Fan Comes in original box with Quick Start Guide and Driver/Utility CD My son has upgraded his Graphics card and is selling his old GTX 1660 Super. The card is in full working order"
1423700620,220116 1730,220130 1453,18000.00,18000.00,60x 1660 super 1660s,I have 60 used great condition Nvidia 1660s Cash only - collect in person only
1423509352,220114 1730,220502 1459,250.00,235.00,EVGA 1660 SUPER GRAPHICS CARD,EVGA Geforce Gtx 1660 Super 6GB Gddr6. Item sealed. Bought for computer but never used. Genuine part. No returns accepted.
1423404202,220112 1730,220128 1332,310.00,310.00,Zotac MSI GTX 1660,"Great card that can play almost any game at 1080p, even played some vr games like half life alyx Only selling because of an upgrade"
1423325156,220111 1730,220128 1332,350.00,350.00,Nvidia GTX 1660 Graphics Card,Graphics card only used for about 6 months can show video of it runnings on arrival.
1423316708,220111 1730,220710 1036,350.00,200.00,MSI NVIDIA GeForce GTX 1660 6GB Super Gaming X Graphics Card,"MSI NVIDIA GeForce GTX 1660 6GB Super Gaming X Graphics Card - Â£350 MSI GeForce GTX 1660 GAMING X 6G - Â£320 In good condition and perfect working order,  comes with orginal box . Cash on collection or bank transfer."
1421826269,220124 1730,220328 1151,350.00,295.00,[NEW] MSI GEFORCE GTX 1660 SUPER VENTUS XS,"New and unused. Opened to check condition, which is as new. (See images). Collection or delivery if very close. Thanks for looking! MSI GeForce GTX 1660 SUPER VENTUS XS OC Graphics Card '6GB GDDR6, 1815MHz, 3x DisplayPort, HDMI, Dual Fan Cooling"
1289626606,220126 1730,220224 0817,439.00,439.00,New & Sealed Gigabyte GeForce GTX 1660 Ti OC 6GIG Graphics Card,New Gigabyte GeForce GTX 1660 Ti OC 6GIG Graphics Card NEW AND SEALED WITH A INVOICE TO CLAIM MANUFACTURER 3 YEARS WARRANTY
1413567398,220128 0132,220226 2342,300.00,300.00,Gigabyte GeForce GTX 1660 6Gb graphics card,"GIGABYTE GeForce GTX 1660 GAMING OC 6G Graphic Card used for few months, working well, ideal for mid range gaming, comes with original box, looks and works like new, please see pictures. Any questions just ask. I have it on eBay too. Collection only"
1422329161,220129 2248,220131 1404,300.00,300.00,Msi gtx 1660 OC edition Graphics card,"Amazing condition with no dust and is fully working, comes in the original box. If you have any questions feel free to send a message I can always accept offers but nothing too low."
1424755541,220129 1648,220203 1827,280.00,280.00,Gtx 1660 6gb armor oc,For sale graphic gtx 1660 6gb armor oc in excellent condition works perfectly fine with issues Never overclocked it overheated. Can drop off if needed
1424719770,220129 1453,220209 1225,325.00,275.00,GALAX 1660 General 6GB,6GB 1660 GPU good for HD gaming. Runs quietly and and low temps and can be seen working. *Collection Only *Cash or Bank Transfer Only
1424697484,220129 1453,220208 1440,350.00,350.00,MSI GeForce GTX 1660 Super Graphics Card,MSI GeForce GTX 1660 Super Graphics Card. Offers welcome. Collection or postage delivery. Works perfect.
1424686811,220129 1453,220226 2342,350.00,300.00,ZOTAC NVIDIA GeForce GTX 1660 SUPER 6GB GDDR6 Twin Fan Graphics Card,"Zotac NVIDIA GeForce GTX 1660 Super 6GB dual fan. Virtually brand new having purchased on 7th January 2022 so will include the normal 3 year warranty. Fully working and in good working order, just upgraded to 3070 ti hence selling."
1424812199,211206 1453,220209 1225,375.00,350.00,MSI NVIDIA GeForce GTX 1660 Super 6GB,"Has come off a custom built PC, as I've upgraded. In perfect working order, with box and manual. Welcome to test before buying. Â£375 ono."
1424872429,220131 1208,220206 1833,300.00,270.00,Gtx 1660 6gb OC,Hi i have for sell graphics card used 1 year good condition is still in my pc
1424857491,220131 0901,220209 1225,350.00,350.00,Gigabyte GeForce GTX 1660 Super,"Brand new box and GPU, still sealed unused. Gigabyte GeForce RTX 1660 Super . Posted by Sam in Computers, Laptops & Netbooks, Video Cards & Sound Cards in Westbury On Trym. 31 January 2022. Free shipping included."
1424856453,220131 0804,220302 0017,350.00,350.00,GEFORCE 1660 super,"Selling due to upgrade, used for gaming on warzone, escape from tarkov, pubg and destiny 2"
1424973759,220201 1830,220302 0017,400.00,325.00,MSI 1660 SUPER VENTUS XS OC,"MSI 1660 Super Overclock Edition 6GB GDDR6 Memory Works perfectly, selling due to recently getting an upgrade. Original packaging"
1424915812,220201 0923,220205 1332,325.00,325.00,EVGA GeForce GTX 1660 Ti SC ULTRA 6GB GDDR6 Graphics Card,"EVGA GeForce GTX 1660 Ti SC ULTRA 6GB GDDR6 Graphics Card This card is in full working order and in superb physical condition, having only ever been used for gaming and with its original warranty seals still in tact. Can be collected or shipped by"
1425002449,220115 0923,220203 1827,8000.00,8000.00,487mh 16 x 1660 super Eth mining rig,"487 mh 16 GPU mining rig which consists of 2 x 8 GPU rigs (16 GPU total). Running on HiveOS Each rig motherboard has capacity of 13 GPUs, so you could add up to 26 GPUs total for future expansion. Rig includes: 3 x Veddha 8 GPU rig frames 16 x 1660"
1425096695,220203 1534,220211 2334,300.00,220.00,Gtx 1660 ddr5,"Barely used, will be refurbished before collection/ shipping .perfectly working never used for mining or gaming. 6gb ddr5 cash or transfer comes with original box"
1425062379,220202 2329,220303 2247,300.00,300.00,NVIDIA GEFORCE 1660 6GB,"ZOTAC 1660 6GB Bought brand new about a year ago, Mint little GPU HDMI DISPLAY PORT Â£300"
1425061670,220202 2329,220303 2247,300.00,300.00,Gtx 1660 msi ventus 6gb,"Working fine, only selling due to upgrade. Msi ventus 6gb gfx 1660"
1425047689,220202 1827,220207 2303,320.00,320.00,GIGABYTE GeForce GTX 1660 SUPER OC 6GB GDDR6 Graphics Card,GIGABYTE GeForce GTX 1660 SUPER OC 6GB GDDR6 Graphics Card. Used but in very good condition. Collection from SW2 Streatham Hill or Posted at buyers expense.
1425045710,220202 1827,220208 1440,300.00,300.00,GTX 1660 Super Advanced 6GB GDDR6,"Asus ROG STRIX GTX 1660 Super Advanced 6GB GDDR6 Used but in excellent condition and working perfectly well. Less than a year old. Will provide proof of sale I will not be sending by post and no Paypal payments, cash and collection only"
1415204263,220202 1827,220518 1003, 30.00, 30.00,GT710 2gb MINT CONDITION Comes with a 1660 ti box,Used for less than a year in a clean pc. Comes packaged in a 1660ti box
1425192590,220204 1943,220205 1332,300.00,300.00,GIGABYTE G1 GAMING OC GTX 1070 8GB GRAPHICS CARD BETTER THAN RTX 1660 TI,"Solid card in great condition, runs everything at high frame rates. Card has been great for me but i managed to get a hold of a 3070 ti so it's time to move it on. Only 7% less frames than an rtx 2060 and better 26% better than a n RTX 1660"
1421171995,220203 2348,220409 1041,350.00,300.00,Gigabyte 1660 Super 6gb - Nearly new,"1660 super 6gb, boxed. Bought as a stop gap until I could get a 3000 series card. Was in my PC for a month or so, maybe used for 25hrs of gaming. Not used to mine or ever overclocked. Great card for 1080p gaming and surprisingly capable at 1440 too,"
1425226267,220205 1136,220613 0854,300.00,250.00,Computer / PC Palit Geforce 1660 6gb Gtx Storm X Graphics Card,"For sale is my 1660 6gb StormX Graphics card. It has not been abused and is approx 13 months old. This graphics card is very powerful, considering its fairly cheap price. It is suitable for performance gaming,high-end photography, and even VR. Price"
1425335100,220206 1637,220208 1440,300.00,300.00,RTX 1660 SUPER,"Minimal gaming use, perfect working order. Being sold due to upgrade. Cash only Collection only"
1425333417,220206 1637,220211 2334,249.00,249.00,NVIDIA ASUS 1660 Super graphics card,For sale is my GTX 1660 Super. Selling as I have upgraded to RTX. GPU came with a prebuilt pc from FiercePC and has genuinely only been used about 30 times for light gaming. Because it came with a prebuilt pc I am not offering: - warranty - a
1414092500,220206 1540,220306 1747,400.00,400.00,Nvidia GTX 1660 SUPER 6GB Asus,The ASUS Phoenix GeForce GTX 1660 OC edition 6GB GDDR5 rocks high refresh rates for an FPS advantage without breaking a sweat. - GeForceÂ® 1660 Series graphics cards are built with the breakthrough graphics performance of the award-winning NVIDIA T
1425304956,220206 1233,220306 1747,300.00,300.00,Geforce 1660,Used with no box. Recently upgraded. No use having this as well.
1425282592,220205 2335,220215 2317,350.00,350.00,Evga 1660 super and ryzen 3 3100,"Both items sealed, bought for pc build that didn't get made. No offers, no returns and no time wasters. Willing to test items once purchased."
1425263881,220205 1833,220205 1833,300.00,300.00,GIGABYTE G1 GAMING OC GTX 1070 8GB GRAPHICS CARD BETTER THAN RTX 1660 TI,"Solid card in great condition, runs everything at high frame rates. Card has been great for me but i managed to get a hold of a 3070 ti so it's time to move it on. Only 7% less frames than an rtx 2060 and 26% better than a n RTX 1660"
1425252630,220205 1833,220213 1926,400.00,380.00,NEW MSI GeForce GTX 1660 Super Ventus XS OC 6GB GDDR6 GPU - Ready To Ship UK,MSI GeForce GTX 1660 Super Ventus XS OC 6GB GDDR6 GPU - Ready To Ship - New - UK. MSI GeForce GTX 1660 Super Ventus XS OC 6GB GDDR6 GPU - New - UK - Ready To Ship Key Features: 6GB Graphics Memory PCI Express 3.0 x16 Interface Cooler T
1425406859,220207 1703,220207 1703,300.00,300.00,GIGABYTE GAMING OC GTX 1070 8GB GRAPHICS CARD - NOT RTX 1660 1050 1060 1080 2060 2070 3060 3050 TI,"Solid card in great condition, runs everything at high frame rates. Card has been great for me but i managed to get a hold of a 3070 ti so it's time to move it on. Only 7% less frames than an rtx 2060 and 26% better than a n RTX 1660."
1425375407,220207 1103,220308 1607,400.00,320.00,MSI GeForce GTX 1660 Super Graphic Card,"Pre-owned graphics card in immaculate, lightly-used condition, fully retail boxed Collection only"
1422800206,220206 2303,220314 2146,350.00,260.00,MSI GeForce GTX 1660 VENTUS XS OC 6GB GDDR6 GRAPHICS CARD,Used but perfect condition only been using for 3months works great and can get really good fps in any game that you are needing to play
1425427592,220117 2303,220219 1921,260.00,200.00,Nvidia GeForce Gtx 1660 6gb OC,Hi i have for sell graphics card NVIDIA GEFORCE GTX 1660 6GB OC. Card was used 1 year i play in gta 5 all the time and card get in this game 40 degrees Celsius. I tested her in call of duty warzone there card get 64 degrees. I no make OC on this car
1425452432,220208 1147,220208 1147,280.00,280.00,GIGABYTE GAMING OC GTX 1070 8GB GRAPHICS CARD - NOT RTX 1660 1050 1060 1080 2060 2070 3060 3050 TI,"Solid card in great condition, runs everything at high frame rates. Card has been great for me but i managed to get a hold of a 3070 ti so it's time to move it on. Willing to post, bank transfer only."
1425448121,220208 1147,220308 1607,300.00,300.00,Gtx gigabyte 1660,1660 gtx 6gb vram My son has upgraded great little card plays pretty everything Â£300 Ono
1425513524,220209 0932,220216 2342,200.00,200.00,MSI GeForce GTX 1660 VENTUS XS 6G OC,"MSI GeForce GTX 1660 VENTUS XS 6G OC Bought in 2019, went straight into a desktop PC, and has only been used for gaming and some 3D work. In perfect working order. I no longer have the box but have the Amazon purchase invoice. From a smoke-f"
1425497265,220208 2132,220308 1607,300.00,300.00,GTX 1660 GPU (Graphics Card),"Mint condition, works perfectly. Only selling due to recent upgrade. Specs: 6GB VRAM PCI Gen 3.0 Core clock 1530 mhz Hosted clock 1785 MHz Cuda Cores 1408"
1425478445,220208 1727,220208 1727,280.00,280.00,GIGABYTE G1 GAMING OC GTX 1070 8GB GRAPHICS CARD - NOT RTX 1660 1050 1060 1080 2060 2070 3060 TI,"Great card in great condition, runs everything at high frame rates. Card has been great for me but i managed to get a hold of a 3070 ti so it's time to move it on."
1425476344,220208 1629,220211 2334,200.00,200.00,GIGABYTE GTX 1660 6Gb OC,"GIGABYTE GTX 1660 6Gb OC graphics card Â£200 GIGABYTE GTX 1660 6Gb OC . Posted by thomas in Computers, Laptops & Netbooks, Video Cards & Sound Cards in Ilkeston. 8 February 2022"
1425609421,220210 1438,220210 1438,280.00,280.00,GIGABYTE G1 GAMING OC GTX 1070 8GB GRAPHICS CARD - NOT RTX 1660 1050 1060 1080 2060 2070 3060 TI,"Great card in great condition, runs everything at high frame rates. Card has been great for me but i managed to get a hold of a 3070 ti so it's time to move it on. Best price on Ebay is Â£350 so it's a bargain at this price."
1425604691,220210 1438,220215 2317,330.00,330.00,GTX 1660 TI 6GB Graphics Card GPU PC Gaming,Fully working and fantastic condition. GTX 1660 TI 6GB Graphics Card. Max out modern gaming!
1425597308,220210 1243,220211 2334,230.00,230.00,Palit Gtx 1660 Stormx 6GB GDDR5,"Selling this as I've recently upgraded and have no use for it anymore. Recently cleaned and all in working order, also in original box"
1425582537,220210 0838,220311 0857,280.00,280.00,Nvidia GTX 1660 Ti 6GB GDDR6 Graphics Card,"MSI Ventus XS OC Edition 1660 Ti GPU with 6GB GDDR6 Light usage over 2 years, never used for mining. Still working perfectly but has been replaced by a more powerful card. Collection from Watford WD18 ideally, but can arrange delivery at small cos"
1425581763,220210 0838,220323 0918,380.00,300.00,MSI Gtx 1660 Ti *mint condition*,"I bought this card mid January this year intending to do a bit more gaming but due to circumstances changing Iâ€™m having to sell it. Itâ€™s in perfect working order and hardly been used playing the odd game and a bit of autocad work, thatâ€™s it over the"
1425573387,220209 2247,220328 1151,280.00,250.00,ZOTAC GEFORCE GTX 1660 TWIN FAN 6GB GRAPHICS CARD,"ZOTAC GEFORCE GTX 1660 TWIN FAN 6GB GRAPHICS CARD, fully working. Never been mined on, like new condition NO BOX COLLECTION ONLY"
1425569805,220209 2135,220310 1314,270.00,270.00,Gtx 1660 oc 6gb graphics card,I am selling my 1660 oc due to upgrading to a rtx card. Handles games smoothly. Used for and working perfectly fine Can be seen working Cash please and can arrange to drop of within the area. Any questions please ask Retail price 400 to 500 and is
1425554715,220209 1843,220302 0017,330.00,330.00,MSI Ventus GeForce GTX 1660 OC 6GB,"Boxed MSI Ventus GeForce GTX 1660 OC 6GB GDDR6 memory - HDMI port and 3x DP (Display Port), dual fan for optimal cooling, full support for the latest RAY TRACING technology, protective backplate, etc."
1425544828,220209 1843,220310 1314,315.00,290.00,ASUS GTX 1660 Super 6gb Graphics Card,"ASUS GTX 1660 Super 6gb Graphics Card Fully working and in superb used condition. Can be collected or posted, buyer to cover postage fees. Serial number and bios details have been recorded to prevent fraud. Any questions please ask."
1425544692,220209 1843,220310 1314,325.00,290.00,Palit GTX 1660 Super 6gb Graphics Card,"Palit GTX 1660 Super 6gb Graphics Card Fully working and in superb used condition, with original warranty seals in tact. Comes in its original box inside an anti static bag. Can be collected or posted, buyer to cover postage fees. Serial number a"
1425653289,220211 0841,220214 1802,200.00,150.00,Asus 1660 phoenix,"Asus 1660 phoenix so sale, nothing wrong with the card i needed a upgrade due to work. The Asus 1660 phoenix is around a year and half years old."
1425849264,220213 1633,220213 1633,250.00,250.00,"GIGABYTE GAMING G1 OC GTX 1070 8GB GRAPHICS CARD, BETTER THAN RTX 1660 TI","Great card in great condition, runs everything at high frame rates. Card has been great for me but i managed to get a hold of a 3070 ti so it's time to move it on. Priced to sell so no offers please."
1425832333,220213 1423,220216 2342,280.00,280.00,EVGA GTX 1070 FTW 8GB or GIGABYTE GTX 1660 OC 6GB,"Hi! I am looking to sell 1 of my 2 GPUs currently in my personal use at a bargain price! 1. EVGA GeForce GTX 1070 FTW GAMING , 08G-P4-6276-KR, 8GB GDDR5, ACX 3.0 & RGB LED Immaculate condition only used for 2 months. Comes with Box and Everythin"
1425774822,220212 1926,220311 0857,340.00,340.00,Nvidia gtx 1660 super,"Used but like new Around 3 months old and been looked after. Has been use for mining but not been extremely over locked. If looking to mine with it,it can pull 32mhs on ETH Serial number will be take before selling so no scams please. Great card"
1425908283,220214 1509,220214 1509,280.00,280.00,Gtx 1660 Armor OC 6GB,"Gtx 1660 Armor OC 6GB selling as I no longer need it. Used only a couple months in good condition. No damages or dust on it. I am flexible on price, However won't take ridiculous offers. Can post to your location or you can come pick it up."
1425901518,220214 1259,220315 2211,320.00,320.00,"EVGA GeForce GTX 1660 SC ULTRA GAMING, 06G-P4-1067-KR, 6GB GDDR5, Dual Fan, Metal Backplate","EVGA GeForce GTX 1660 SC ULTRA GAMING, 06G-P4-1067-KR, 6GB GDDR5, Dual Fan, Metal Backplate Ideal graphics card for mid - high quality gameplay and performance Selling due to getting an upgrade Will accept price listed ono (DOES NOT COME WITH O"
1425899407,220214 1259,220214 1259,250.00,250.00,"GIGABYTE GAMING G1 OC GTX 1070 8GB GRAPHICS CARD, BETTER THAN RTX 1660 TI","Great card in great condition, runs everything at high frame rates. Card has been great for me but i managed to get a hold of a 3070 ti so it's time to move it on. Priced to sell so no offers please."
1425883371,220214 1006,220315 2211,300.00,300.00,Nvidia GTX 1660 6gb Graphics Card,"Nvidia GTX 1660 6gb Graphics Card. Full-working order. Smoke free home. Collection Street, Somerset."
1426008402,220215 2121,220226 2342,270.00,255.00,1660 super graphics card,Thanks for looking. Selling on behalf of a friend but feel free to ask questions. Used but in good condition.
1426001105,220215 1912,220221 2330,280.00,280.00,Gtx 1660 Armor OC 6GB,Used Gtx 1660 Armor OC 6GB Only been used a couple months have no need for it anymore No damages or dust on it Available for delivery or collection I am flexible with price but no outlandish offers
1425995603,220215 1814,220215 1814,250.00,250.00,"GIGABYTE GAMING G1 OC GTX 1070 8GB GRAPHICS CARD, BETTER THAN RTX 1660 TI","Great card in great condition, runs everything at high frame rates. Card has been great for me but i managed to get a hold of a 3070 ti so it's time to move it on. Priced to sell so no offers please."
1426083266,220216 2146,220316 0950,300.00,300.00,Gtx 1660 Venus MSI,"Grab a bargain, it can be tested here, I used it for Dota 2 for 3 months 1 hour per day. Collection after 7 pm, I work from 7am to 7pm"
1426069490,220216 1742,220216 1742,250.00,250.00,"GIGABYTE GAMING G1 OC GTX 1070 8GB GRAPHICS CARD, BETTER THAN RTX 1660 TI","Great card in great condition, runs everything at high frame rates. Card has been great for me but i managed to get a hold of a 3070 ti so it's time to move it on. Priced to sell so no offers please."
1426086599,220211 2342,220221 2011,290.00,290.00,Zotac Gaming Geforce GTX 1660 Super Nvidia 6gb,"Hi, I am selling off my zotacs, here is my 1660 super. It even still has some of the plastic on it lol. They all work perfect, happy to put them in my machine and show either of them for you. They can all mine and none of them are lhr but they ha"
1426270774,220219 1516,220225 1222,395.00,370.00,PNY NVIDIA GeForce GTX 1660 SUPER 6GB Single Fan Turing Graphics Card,"PNY GeForce GTX 1660 SUPER Single Fan 6GB GDDR6 VR Ready Graphics Card, 1408 Core, 1530MHz GPU, 1785MHz Boost. This is BRAND NEW. Bought this from scan for a new build but didn't realise its width and that it will take up the space of two pci"
1426221178,220218 2018,220316 0950,280.00,280.00,MSI GTX 1660 6GB VENTUS XS OC Brand New,Completely brand new graphics card sealed not opened from the box MSI 1660 VENTUS XS OC Brand New.
1426141822,220217 1921,220303 2247,300.00,300.00,Asus Geforce GTX 1660 Super OC Edition. TUF Gaming Graphics Card,Asus Geforce GTX 1660 Super. TUF Gaming Graphics Card. Used but in very good condition. Collection from SW2 Streatham Hill or Posted at buyers expense.
1426133637,220217 1921,220220 2145,270.00,270.00,GeForce GTX 1660 super graphics Card,GeForce Gtx 1660 super gpu card. Great upgrade to any mid end gaming pc. Runs games at a very good fps and high/ultra settings. Collect NP7 or post Â£10
1426320838,220220 1121,220228 0907,320.00,280.00,GeForce 1660 Super gaming X 6GB,GeForce 1660 super 6GB Great condition Still warranty No offers Many thanks Regards
1426298153,220219 2029,220308 1607,300.00,300.00,GTX 1660 Ti graphics card (1 month old),"Lightly-used MSI GeForce GTX 1660Ti graphics card. Bought from Amazon mid-January for Â£470, and installed in a retro gaming rig. Boxed, as good as new, as it more or less is! Collection from Old Swan L13."
1426423394,220221 1840,220221 2011,145.00,145.00,MSI GeForce GTX 1660 ARMOR 6G OC,"MSI GeForce GTX 1660 ARMOR 6G OC IN GOOD WORKING ORDER, REASON FOR SALE NEW COMPUTER."
1426421077,220221 1645,220316 0950,350.00,275.00,PNY GTX 1660 Ti 8Gb,"Only used once, PNY 1660 ti 8Gb dual fan graphics card. Local only and No POSTING to other locations! It still has 6months warranty"
1426412727,220221 1435,220225 1222,370.00,370.00,PNY NVIDIA GeForce GTX 1660 SUPER 6GB Single Fan Turing Graphics Card,"PNY GeForce GTX 1660 SUPER Single Fan 6GB GDDR6 VR Ready Graphics Card, 1408 Core, 1530MHz GPU, 1785MHz Boost. This is BRAND NEW. Bought this from scan for a new build but didn't realise its width and that it will take up the space of two pci slots"
1426512501,220222 2016,220222 2016,300.00,300.00,Asus Nvidia GeForce GTX 1660 Graphics Card,Asus Nvidia GeForce GTX 1660 Graphics Card. Fully working and good condition. Will (and I have been) play Cyberpunk and GTA5 on high specs easily! :) Please see photos for more information. Any questions just ask. Only selling due to upgrad
1426106393,220222 1723,220409 1041,300.00,200.00,EVGA 1660 xc Graphics Card black edition 6gb,"evga 6 gb pc graphics card for sale 1660 xc black edition , no box but comes in anti static bag , very powerful card runs used for 4k video editing cash on collection possible delivery if not to far :) sensible offers welcome"
1426487888,220222 1513,220302 0017,250.00,250.00,Asus Rog Strix 1660 Super,Should still have several years warranty left. I only bought this around 6 months ago. Upgraded to a 3070 so no longer required.
1426538974,220223 1026,220323 0918,275.00,275.00,MSI GTX 1660 6GB,MSI Nvidia Gtx1660 6GB OC Armor Edition Great card and plays loads of games well. In full working order. Used for about 1.5 years Very small warp to metal on frame that mounts to case (last image). Doesn't affect mounting or functioning in anyway.
1426586357,220223 2114,220308 1607,300.00,300.00,MSI GeForce GTX 1660 Gaming X 6GB,"Comes from a recently replaced gaming PC. Very good condition, fully working. Comes with box and everything it arrived with."
1426586122,220223 2114,220225 1222,299.00,299.00,PNY NVIDIA GeForce GTX 1660 SUPER 6GB Single Fan Turing Graphics Card,"PNY GeForce GTX 1660 SUPER Single Fan 6GB GDDR6 VR Ready Graphics Card, 1408 Core, 1530MHz GPU, 1785MHz Boost. This is BRAND NEW. Bought this from scan for a new build but didn't realise its width and that it will take up the space of two pci slots"
1426674779,220225 1026,220323 0918,300.00,270.00,NVIDIA GTX 1660,This GPU is in excellent shape there have been multiple system checks and still performs at a high standard.
1426671439,220225 0929,220311 0857,250.00,200.00,Palit GeForce GTX 1660 StormX 6144MB GDDR5 PCI-Express Graphics Card,"No box - only been used for a test to see if it works. came with a prebuilt i purchased,but i am using a existing gpu that i already own. cash on collection only - feel free to text,email,phone ect for enquiries 250 ono The GeForce GTX 1660 is"
1426660175,220225 0119,220304 1846,280.00,280.00,MSI Ventus XS GTX 1660 Ti,"Perfect in like new condition. Used only for light gaming in my doughters PC. Can be seen working. Chepeast you will find, priced for quick sale. Redundant due to new generation GPU recently bought."
1426632917,220224 1514,220224 1514,280.00,280.00,Used ASUS NVidea Geforce GTX 1660 Ti 6GB OC edition,"Great condition card, used a few times a week for roughly 18 months. Selling as no longer needed due to upgrade."
1426627915,220224 1417,220323 0918,350.00,300.00,MSI Gaming GeForce GTX 1660 Ti boxed,"I was buying a video card for my brother but he said it didn't fit him. I can send it by post, I can accept payment through friends and family's PayPal. HDMI/DP 6GB GDRR6 HDCP Support DirectX 12 Dual Fan VR Ready OC Graphics Card (GTX 1660 TI GAM"
1426786146,220226 1839,220304 1846,220.00,220.00,Gtx 1660 6 gb zotac,"Zotac gtx 1660 6gb ddr5 , very good condition, 20 months old , working perfectly, first owen ."
1426785739,220226 1839,220226 1839,260.00,260.00,Palit GeForce GTX 1660 SUPER Gaming Pro OC 6GB GDDR6 Graphics Card,Bought new in September 2021 and well looked after. Used as recently as February 2022 and working great. Great boxing (see pics). No longer needed as got a laptop.
1426776578,220226 1644,220226 1644,280.00,280.00,GIGABYTE GAMING G1 OC GTX 1070 8GB BETTER THAN RTX 1660 ti,"Excellent condition, had this card since new and been great for me but managed to upgrade to a 3070ti"
1426768718,220226 1434,220226 1434,250.00,250.00,ASUS GTX 1660 Super OC EVO,"For sale is a barely used immaculate condition GTX 1660 Super 6GB GDDR6, the card requires a 500w PSU with a 1x8PIN power connector, can be seen working."
1426714643,220225 2342,220414 0947,250.00,170.00,Gtx 1660 Zotac,In good condition and fully working. Collection only Price negotiable
1426714541,220225 2342,220414 0947,300.00,200.00,Gtx 1660 TI,In good condition and fully working. Collection only Price negotiable
1426708694,220225 2342,220323 0918,330.00,250.00,GIGABYTE NVIDIA GTX 1660 SUPER,In good condition. Only a few months old in a pc that was not used much Message if interested
1426699622,220225 2342,220316 0950,280.00,220.00,MSI GTX 1660 Super Gaming X,Perfect working order and immaculate condition. Never overclocked or used for mining. Just occasional gaming. Happy to deliver locally. Can be seen working before.
1426851354,220227 1814,220302 0017,280.00,280.00,Gigabyte GTX 1660 OC 6GB 3 Fan edition.,For sale. Was used for around 6 months before I upgraded. Owned from new. Only play simulator games so wasn't stressed at all . Looking for Â£280 but open to near offers . Cash on collection only.. Please check my other adverts .
1426824074,220227 1311,220227 1311,280.00,280.00,GIGABYTE GAMING G1 OC GTX 1070 8GB BETTER THAN RTX 1660 ti,"Excellent condition, had this card since new and been great for me but managed to upgrade to a 3070ti"
1426802265,220227 0907,220328 1151,280.00,200.00,Palit StormX Geforce GTX 1660 (6 GB),"Used Palit Geforce GTX 1660. 6gb of VRAM. Only used for moderate gaming. Works well, has light dust build-up. --- Feel free to contact me with offers or if you have any questions. To contact me, either Email, message through Gumtree, call, or co"
1426950134,220301 1021,220301 1021,280.00,280.00,Nvidia GTX 1660 Super OC Gigabyte,"Here we have my Gigabyte Nvidia GTX 1660 Super, in good working order. No longer required due to upgrade. Please go to Gigabyte web site for card specifics or You tube reviews."
1426933097,220301 0017,220530 0623,299.00,200.00,Gigabyte GeForce GTX 1660 Mini ITX OC 6GB GDDR5,Gigabyte GeForce GTX 1660 Mini ITX OC 6GB GDDR5. Used for less than a year and in good condition. Will not come with the original box as this GPU was part of a pre-built PC.
1426914955,220301 0017,220306 1747,275.00,275.00,Gigabyte GeForceÂ® GTX 1660 SUPERâ„¢ MINI ITX OC 6G - Model No: GV-N166SIXOC-6GD,Gigabyte GeForceÂ® GTX 1660 SUPERâ„¢ MINI ITX OC 6G Model No: GV-N166SIXOC-6GD. With Box and Disc. I am upgrading my current PC to a more powerful system so I am selling this graphics card. There are numerous reviews on the internet for thi
1426890813,220301 0017,220304 1846,625.00,625.00,"Rtx 3070 zotac oc white LHR, not 3080 3060 rx GTX 5700 580 1060 1660",Used for gaming for a year. Perfect working condition. Perfect for 1440p games. Any questions get in touch.
1427043351,220302 2247,220316 0950,250.00,250.00,Gigabyte GTX 1660 OC 6GB 3 Fan edition.,For sale. Was used for around 6 months before I upgraded. Owned from new. Only play simulator games so wasn't stressed at all . Looking for Â£250 Cash on collection only.. Please check my other adverts
1427016471,220302 2247,220613 0854,4000.00,4000.00,"MINING RIG - nVidia - 3x 3060 Ti LHR, 3x 2060 Super, 2x 1660 Super - 320 MH/s ETH",Rig consists of 7 nVidia cards total: 3x 3060 Ti LHR 3x 2060 Super (one had been added since picture was taken) 2x 1660 Super Gives a total of around 320 MH/s using HiveOS (you may be able to get more). Can also sell individual components
1427323142,220306 1342,220311 0857,599.99,599.99,"Rtx 3070 zotac oc white LHR, not 3080 3060 rx GTX 5700 580 1060 1660",Used for gaming for a year. Perfect working condition. Perfect for 1440p games. Any questions get in touch. Urgent sale. Can test and inspect before purchase. Bargain.
1427265549,220305 1747,220316 0950,360.00,300.00,NVIDIA GEFORCE GTX 1660 SUPER,Excellent condition Gigabyte NVIDIA GTX 1660 SUPER OC EDITION 6 GB GDDR5 Only 3 months old. Selling due to upgrade.
1427253836,220305 1747,220328 1151,250.00,250.00,GTX 1660 AERO ITX GPU,MSI GTX1660 AERO ITX GDDR5 6gb in excellent condition .I don't have the box as it came with new pc already installed..Bargain price gpu. SPECIFICATIONS Model Name GeForceÂ® GTX 1660 AERO ITX 6G OC Graphics Processing Unit NVIDIAÂ® GeForceÂ® GTX 1660
1427426814,220307 2207,220404 1137,299.99,275.00,GPU Graphics Card 1660 TI,For sale less than 6 months old. Perfect condition. not used any more or I also have 3 others for same price. All 1660 TI cards
1427360727,220307 1607,220710 1036,320.00,150.00,MSI - GeForce GTX 1660 SUPER 6 GB AERO ITX OC Graphics Card.,"MSI - GeForce GTX 1660 SUPER 6 GB AERO ITX OC Graphics Card. Box not included. Collection or delivery available (extra Â£15 for delivery) Will only delivery to Renfrewshire or Glasgow City. No time wasters, please."
1427352218,220307 1607,220710 1036,295.00,280.00,Msi VENTUS XS 1660 Super 6GB,Msi VENTUS XS 1660 Super 6GB Brand new Boost Clock / Memory Speed 1815 MHz / 14 Gbps 6GB GDDR6 DisplayPort x 3(v1.4a) HDMI x 1(Supports 4K 60Hz as specified in HDMI 2.0b)
1427590259,220310 1118,220405 2315,300.00,300.00,GTX 1660 super MSI Ventus 6GB,GTX 1660 super MSI Ventus 6GB I have 5 of these cards available Â£300 Each
1427578688,220310 0909,220314 2146,280.00,280.00,GTX 1660 TI 6GB Graphics Card GPU PC Gaming,Fully working and fantastic condition. GTX 1660 TI 6GB Graphics Card. Max out modern gaming!
1427557002,220309 1816,220316 0950,320.00,320.00,MSI GeForce GTX 1660 SUPER Ventus XS 6GB OC GPU | NON LHR | BOXED|,"MSI GeForce GTX 1660 SUPER Ventus XS 6GB OC GPU NON LHR The graphics card is in mint condition, used several months, fully tested and comes with all original packaging, manuals and badge. Do not hesitate to ask in case you have any question"
1427548547,220309 1606,220404 1137,310.00,205.00,Zotac 1660 Graphics Card,ZOTAC GeForce GTX 1660 Super 6GB Graphics Card (ZTT16620F10B) Nvidia GTX 1660 6GB GDDR5 1785MHz Boost Clock Dual Fan Cooling
1427534242,220309 1411,220316 0950,300.00,275.00,Gtx 1660 6gb gaming x,In immaculate condition. Comes in original box with booklets and cd Bought in 2019 and hardly ever used
1427523666,220309 1314,220404 1137,250.00,250.00,EVGA GEFORCE GTX 1660,In perfect working order.. never been overclocked from pet free smoke free home..
1427642355,220310 2154,220328 1151,260.00,240.00,GeForce GTX 1660 super 6gb graphics card,GTX 1660 super 6gb graphics card. Great for first build computers and gets steady FPS with all popular games. Iâ€™ve also had this running oculus quest through the pc at steady FPS for MSFS 2020. Great condition and only used for 8 months as I now ha
1427631076,220310 1901,220316 0950,230.00,230.00,gtx 1660 6 gb zotac,"Gtx 1660 6gb zotac , first owen, very good condition, cash only."
1427905098,220314 1350,220404 1137,280.00,280.00,GeForce GTX 1660 SUPER GAMING OC 6G - Mint Condition - GV-N166SGAMING OC-6GD,I bought this graphics card with the intention to start gaming again but it just didn't happen because I'm so short of time these days. It's a beast of a card which plays all the latest games in high quality but I'm ashamed to say I've only ever used
1427819302,220313 2146,220409 1041,260.00,230.00,ASUS TUF Gaming OC Edition 1660 TI 6GB GDDR6 Graphics Card,Fully working ASUS TUF Gaming 1660TI 6GB Graphics card in full working order & includes all original accessories/box etc. This is the more premium version of the TI series with the back plate attached to keep the card running cooler. Purchased bran
1427774246,220312 2146,220409 1041,325.00,225.00,ASUS PHOENIX GTX 1660 SUPER,"For sale, Asus phoenix gtx 1660 super 6gb Class graphics card for someone looking to start pc gaming or upgrade from an older gpu. Card performs as it should and has not been overclocked My only reason for sale is because I have upgraded,"
1427747372,220312 2146,220621 0749,275.00,190.00,Zotac gtx 1660 Ti,Selling old gpu that came in my prebuilt pc so no box unfortunately
1427744508,220312 2146,220409 1041,400.00,375.00,MSI GeForce GTX 1660 Super Ventus XS OC Edition,Selling do to finally upgrading to RTX 30 series. Collection only or I can deliver around Coventry. Cash or bank transfer.
1427987270,220315 1513,220323 0918,300.00,250.00,GeForce GTX 1660 SUPER,Am selling my GTX 1660 SUPER because of upgrade its still in my pc as seen in the picture GeForce GTX 1660 SUPER is up to 20% faster than the original GTX 1660 and up to 1.5X faster than the previous-generation GTX 1060 6GB. Powered by the award-winn
1427950620,220315 0606,220316 0950,290.00,290.00,Gtx 1660 TI venture xs,very good graphics card not much use gaming have box ðŸ“¦ only collection please
1427950574,220315 0606,220316 0950,290.00,290.00,Gtx 1660 TI tuf gaming,very good graphics card Good gaming have box ðŸ“¦ not much use play game only collection please
1428536303,220323 0625,220323 0625,200.00,200.00,MSI GTX 1660 SUPER GAMING X,Perfect working order and immaculate condition. Only used for occasional gaming. Original box and manuals. Happy to deliver locally. Can be seen working before. Not taking offers. **SALES CALLS WILL BE REPORTED TO THE TPS**
1428476017,220322 1015,220419 1530,480.00,480.00,2 x Palit Gefore Gtx 1660 Supers 6GB,"Hey Guys, Got 2 x 1660 Supers 6GB for sale all in very good working order was mining with them kept below 50 degrees Celsius had them for 8 months."
1428418376,220322 0918,220419 1530,220.00,200.00,GTX 1660 6GB Gaming X,Msi GTX 1660 Gaming X 6gb In immaculate condition as my son never used it. RGB lights up the inside of the tower. Comes with box and original contents. No marks and only used for a few hours. Collection countesswells or can deliver in and ar
1428263711,220320 0918,220328 1151,300.00,300.00,GTX 1660 super,Excellent condition only selling as doesnâ€™t fit in pc case. Â£300 to collect.
1428235648,220319 0918,220409 1041,300.00,300.00,Asus Geforce Gtx 1660 super 6gb gddr6,Republic of gamers Asus Geforce Gtx 1660 super GDDR6 6gb graphics card oc edition. good working order only used for light gaming
1428222837,220319 0918,220328 1151,210.00,210.00,Nvidia GTX 1660 Super 6GB GDDR6 PC Graphics Card,"Zotac gaming Nvidia GTX 1660 super 6GB GDDR 6 Graphics Card for PC Purchased mid 2020 - only lightly used for gaming, never been used for mining. 1 X HDMI port & 3 X Display Port, 8 pin power connector. Original box & anti static bag includ"
1428216718,220319 0918,220419 1530,190.00,160.00,gtx 1660 zotac,"Gtx 1660 6gb zotac , first owen, very good condition, cash only."
1428109043,220318 0918,220414 0947,220.00,220.00,MSI GTX 1660 Ventus graphics card,"Bought it less than a year ago, good little pocket rocket to boost your pc! feel free to ask me any questions about the card, drivers, installation or anything you want to know"
1428863201,220327 1443,220327 1443,200.00,200.00," GeForce GTX 1660 SUPER VENTUS XS OC Graphics Card '6GB GDDR6, 1815MHz","Boost Clock / Memory Speed : Up to 1815 MHz / 14 Gbps / 6GB GDDR6 TORX Fan 2.0 with Double Ball Bearings; dispersion fan blade : steep curved blade accelerating the airflow With MSI Afterburner Overclocking software, you can customise fan profiles,"
1428848829,220327 1151,220419 1530,200.00,200.00,Gtx 1660 OC 6b,"Working 1660 can provide videos when asked, selling due to an upgrade Pickup only"
1428752388,220326 1151,220419 1530,250.00,250.00,GeForce GTX 1660 OC 6G - Mint - Fully Boxed,Did you know the 50 million tonnes of e-waste generated every year will more than double to 110 million tonnes by 2050? E-waste is currently the fastest growing waste stream in the world. Let's start by recycling our old equipment and buying USED ins
1428752204,220326 1151,220419 1530,290.00,290.00,GeForce GTX 1660 SUPER StormX OC - Mint - Fully Boxed - Perfect for ITX or smaller,Did you know the 50 million tonnes of e-waste generated every year will more than double to 110 million tonnes by 2050? E-waste is currently the fastest growing waste stream in the world. Let's start by recycling our old equipment and buying USED ins
1428726815,220326 1151,220419 1530,200.00,200.00,Gtx 1660 gaming x,Bought for my son and was basically never used. Like new and comes with box
1429258153,220402 1137,220402 1137,200.00,200.00,gtx 1660 super pny dual fan,PNY GTX 1660 SUPER Twin Fan 6GB NVIDIA GeForce Graphics Card. NO PAYPAL NO POST NO TIME WASTERS NO OFFERS IT'S A GREAT PRICE KEY FEATURES â€¢ Based on Turing Architecture  â€¢ NVIDIAÂ® GeForce Experienceâ„¢ â€¢ NVIDIAÂ® Ansel  â€¢ NVIDIAÂ® Highlights
1429401382,220403 1932,220419 1530,215.00,215.00,MSI Ventus XS OC Edition 1660 Super Graphics Card,"MSI Ventus XS OC Edition 1660 Super graphics card. Used, 2 1/2 years old. Full working order, carefully removed from PC by professional. (Still available on Amazon for Â£333!)"
1429384588,220403 1639,220405 2315,250.00,250.00,MSI GTX 1660 Super graphics card 6GB,"Selling my 1660 super graphics card, these are great cards and run new titles really well, I am only selling it as I no longer need it. Comes complete with all original packaging, from a smoke free house and came from new, I am itâ€™s only owner. Can s"
1429280635,220402 1137,220402 1137,230.00,230.00,MSI VENTUS XS OC - GEFORCE RTX 1660 Super 6GB (used),"Used/Pre-owned Fully operational, selling due to upgrade to 30xx series MSI VENTUS XS OC - GEFORCE RTX 1660 Super 6GB GDDR6 OC Edition Requires 1x 8pin power, minimum recommended 430W PSU Please check your PC is compatible with this card bef"
1429272916,220402 1137,220430 1753,220.00,220.00,Graphics card 1660 super,"Few months old works perfect Graphics card 1660 super. Posted by Connor in Computers, Laptops & Netbooks, Video Cards & Sound Cards in Lochgelly. 2 April 2022"
1429187407,220401 1137,220710 1036,285.00,285.00,EVGA 1660 Super SC Ultra Gaming 6GB OC GPU (06G-P4-1068-KR),"Brand new, still in warranty, which is 3 years, opened just for testing purposes. To benefit of the warranty just register the product on EVGA website. Price is per unit. I have 2 gpus. Free shipping! I would rather have the seller collect it i"
1429175594,220401 1137,220710 1036,350.00,300.00,GIGABYTE GeForce GTX 1660 Super 6 GB Gaming OC Graphics Card,Perfect condition like new CUDA cores 1408 Clock speed 1860 MHz Maximum resolution 7680 x 4320 Supports up to 4 displays (HDMI 2.0b x 1 - DisplayPort 1.4 x 3) Windforce triple fans cooling system Exceptional performance 6Gb GDDR6 VR ready R
1429173321,220401 1137,220401 1137,210.00,210.00,Nvidia GTX 1660 Super 6GB GDDR6 PC Graphics Card,"Zotac gaming Nvidia 1660 super 6GB GDDR6 graphics card for PC Purchased new mid 2020 - only used for gaming, never been used for mining. 1x HDMI port & 3x Display Port, 8 pin power connector Original box & anti static bag included. Card"
1429154454,220401 1137,220405 2315,299.00,299.00,NVIDIA GeForce GTX 1660 TI 6GB HDMI DP GPU DEDICATED GRAPHICS CARD PC,"PNY GeForce GTX 1660 Ti 6GB XLR8 Gaming Overclocked Edition Graphics Card ,Black,VCG1660T6SFPPB-O NVIDIA GeForce GTX 1660 Ti 6GB NVIDIA CUDA Cores 1536, Clock speeds of 1500 MHz core and 1815 MHz boost PNY factory overclocked â€“ no additional so"
1429050713,220330 1137,220409 1041,250.00,250.00,MSI GTX 1660 Super 6GB Ventus XS OC edition,Mint condition. Lightly used in an HTPC for a year. Selling due to upgrade.
1428971191,220329 1137,220405 2315,210.00,210.00,Graphics card 1660 Super,Been used twice Selling due to having a 3080 6GB
1429555003,220405 1910,220502 1459,215.00,215.00,Zotac 1660 - Excellent Condition,"Upgraded to a 3060 and therefore no longer used, hasnâ€™t really been put to much use to be honest! ZOTAC GeForce GTX 1660 6GB Graphics Card (ZTT16620F10B) Nvidia GTX 1660 6GB GDDR5 1785MHz Boost Clock Dual Fan Cooling"
1429753661,220408 1236,220414 0947,240.00,240.00,GeForce GTX 1660 Super,"Barely used Palit 1660 super. Only replaced as part of a pre-build and Iâ€™m upgrading. Has DVI, HDMI and DP ports."
1429714963,220408 1041,220414 0947,240.00,240.00,GTX 1660 super,"I have a 1660 super for sale, sadly no longer needed as I am not on the computer much. In good condition and has been sat collecting dust. Please feel free to ask any questions. Thanks for looking"
1429698972,220408 1041,220408 1041,210.00,210.00,MSI GeForce GTX 1660 Super Ventus OC Edition,"This GPU is working and in perfect condition, no marks/damage. Selling for what I purchased at, collection preferred. Comes in original box."
1429568989,220406 1041,220414 0947,170.00,170.00,Graphics card 1660 super,Been used twice Selling due to having a 3080 6GB No offers
1430184252,220414 0347,220414 0347,250.00,250.00,Gtx 1660 gpu graphics card gaming,"Gtx 1660 gpu graphics card. Works perfect. Can be seen working. Gtx 1660 gpu graphics card gaming . Posted by .... in Computers, Laptops & Netbooks, Video Cards & Sound Cards in Huddersfield. 14 April 2022"
1430139062,220413 1239,220419 1530,320.00,260.00,Gtx 1660 Super Palit (Basically Brand new GPU) Offers accepted,"*Next Day Delivery Guaranteed for Free* I have had this graphics card for 1 year, bought it brand new, but only used the whole pc once because I donâ€™t have the time and I want to sell it. So still basically brand new. Donâ€™t have the original box as"
1430115322,220413 0947,220502 1459,225.00,225.00,Rog strix gtx 1660 super,"Selling as upgrading Rog strix 1660 super 6gb gddr6 in excellent condition not caked up with dust,will play AAA games at 100+FPS used for gaming only never mined or overclocked Â£225ono Can be seen working"
1430021497,220412 0947,220412 0947,230.00,230.00,GTX 1660 Super 6gb Asus Tuf graphics card,"In good condition, works perfectly, with the original box. Good performance in games, I was getting over 160 fps in Dirt Rally at 1080p Ultra settings. Cash on collection only, I won't post this graphics card. Requires a single 8-pin power con"
1429994394,220412 0947,220419 1530,220.00,220.00,*LIKE NEW* - GeForce GTX 1660 ARMOR 6G OC,"LIKE NEW - GeForce GTX 1660 ARMOR 6G OC. **CASH/BANK TRANSFER AT COLLECTION ONLY!!** No original box, however, will be packaged securely to keep safe in transit including a static proof bag. This card has NEVER been used for mining!!! Has on"
1429855956,220410 0947,220410 0947,150.00,150.00,PNY GTX 1660 Mini Card(1 Fan) Collection Only Haslemere Surrey,PNY GTX 1660 Mini Card 6GB(1 Fan) Collection Only Haslemere Surrey Works well about 2 to 2 half years old No Box Selling due to upgrading. No I'm not posting it.
1430604582,220401 1530,220502 1459,230.00,210.00,GTX MSI 1660 Super GDDR6,- Excellent working condition - Box plus packaging - Collection only
1430573962,220419 1027,220419 1027,160.00,160.00,1660 super (Brand new) graphics card Nvidia gpu,"Removed from a (brand new) Prebuilt Desktop. New condition. Item can be collected at one of our offices, Strictly cash on collection, No online payments to avoid scams. This includes PayPal or Bank transfers. Cash only. Contact to arrange a coll"
1430491874,220418 1530,220418 1530,250.00,250.00,MSI 1660 Super Geforce GTX Graphics Card,MSI GeForce GTX 1660 Super Gaming X Graphics Card A brilliant card to get into PC gaming in Excellent condition had very little use and is with its original box .
1430490486,220418 1530,220624 1241,160.00,160.00,EVGA GEFORCE GTX 1660,In perfect working order... from smoke free home.. Local delivery or pickup only.... any questions just ask..
1430437408,220417 1530,220516 0744,250.00,250.00,MSI GeForce GTX 1660 SUPER VENTUS XS OC Graphics,Selling this card as im looking to upgrade my pc specs. no sensible offer refused.
1430436718,220417 1530,220516 0744,250.00,250.00,MSI GEFORCE GTX 1660 Ti 6GB GDDR6,"I have a MSI GEFORCE GTX 1660 Ti which has 6GB of VRAM Its in mint conidition with no faults Barely used, not even a single scratch Still has warranty sticker on screw Comes in box Cash and collection from South harrow HA2 Ask me any questio"
1430410804,220417 1530,220710 1036,250.00,240.00,ASUS GeForce GTX 1660 SUPER DUAL EVO 6GB OC Graphics Card,"ASUS GeForce GTX 1660 SUPER DUAL EVO 6GB OC Graphics Card Less than two years old, selling due to a recent upgrade in graphics card, perfect condition (original box and packaging). FULLY TESTED AND WORKING OC Edition: TBD MHz GPU boost clock"
1422039550,220417 1530,220512 1717,219.00,199.00,Inno3d gtx 1660 6gb Nvidia,Used gtx 1660. Little over a year old but still in warranty. Selling as I want to go for higher graphic card for 1440 gaming. Donâ€™t have original box
1430377570,220416 1530,220416 1530,200.00,200.00,1660 super (Brand new) graphics card Nvidia,"Removed from a (brand new) Prebuilt Desktop. New condition Item can be collected at one of our offices, Strictly cash on collection, No online payments to avoid scams. This includes PayPal or Bank transfers. Cash only. Contact to arrange a colle"
1430331830,220416 1530,220530 0623,170.00,170.00,MSI GEFORCE GTX 1660 6GB,"MSI Nvidia GeForce GTX 1660 Armor 6G OC Graphics Card 6 GB GDDR5, 1845 MHz, 3x DisplayPort, HDMI, Dual Fan Cooling System WORKING EXCELLENT. SELLING BECAUSE I HAVE NEW. (PRICE LAST)"
1430322985,220416 1530,220416 1530,225.00,225.00,Asus Dual Geforce GTX 1660 Super,"For sale I got a brand new Asus Dual Geforce GTX 1660 Super has been opened for testing once, new with manufacturers warranty. Great for gaming or mining. Collection from Wellingborough or I can post with payment in advance via PayPal. Inbox me f"
1430292434,220415 1530,220512 1717,200.00,200.00,MSI Nvidia GeForce GTX 1660 Graphics Card,"NO OFFERS - MSI Nvidia GeForce GTX 1660 Armor 6G OC Graphics Card 6 GB GDDR5, 1845 MHz, 3x DisplayPort, HDMI, Dual Fan Cooling System Used but in perfect condition. Can post if you cover cost or collection from Swaffham or North Elmham"
1430249269,220415 1530,220415 1530,200.00,200.00,Nvidia GTX 1660 ti PNY,6GB nvidia GeForce grx 1660ti. Looking for a quick sale. Bought card around 2 years ago and barely used it. Was over 300 at the time. Card is great and in mint condition and works great also. Don't have a photo of it at the moment but will update AS
1430777293,220422 1459,220519 2117,270.00,270.00,NVidia Gforce 1660 TI,"The GeForce GTX 1660 Ti is powered by the NVIDIA Turingâ„¢ architecture, bringing incredible performance to the latest games. Get Game Ready with GTX. GPU Chipset Manufacturer NVIDIA Chipset Model Name GeForce GTX 1660 Ti Boost Chip Clock 1800 M"
1431059552,220425 1401,220425 1526,1234.00,1234.00,GTX 1660 Super 6GB GDDR6 - Acer OEM,"Looking for offers on my graphics card as I'm upgrading. Less than 2 months old, the card is from a prebuild Acer and is a standard mini itx OEM card. Actually a great card and does a great job for the size, also has GDDR6 memory speeds which is an u"
1431057742,220425 1401,220425 1526,300.00,300.00,Brand New 1660 Super OC,Brand new sealed Zotac 1660 Super Twin Fan Delivery available for free depending on location
1430926749,220424 1459,220425 1526,125.00,125.00,ASUS Phoenix GeForce GTX 1660 6GB,"Hello, Simple listing want gone, Cheap price as want gone to upgrade to 3000 series, Collection in bury or delivery for Â£5 extra (will take bank/crypto) to my bank/account, Message for any extra custom photos or questions, Thanks, C"
1430827960,220423 1459,220519 2117,275.00,260.00,ZOTAC NVIDIA GeForce GTX 1660 SUPER 6GB GDDR6 Twin Fan Graphics Card...,"ZOTAC NVIDIA GeForce GTX 1660 SUPER 6GB GDDR6 Twin Fan Graphics Card.... Mint condition, no box as it came in my PC. Selling as I have upgraded to a new card A lightly used graphics card that has never been overclocked or put under any heav"
1430814882,220422 1459,220425 1526,170.00,170.00,1660 super graphics card (Brand new),"Removed from a (brand new) Prebuilt Desktop. New condition Item can be collected at one of our offices, Strictly cash on collection, No online payments to avoid scams. This includes PayPal or Bank transfers. Cash only. Contact to arrange a colle"
1430797848,220422 1459,220519 2117,250.00,250.00,GTX 1660 TI (LIKE NEW),"Gainward GEFORCE GTX 1660 ti. Like new condition, only been in my pc for 2 months. Selling as managed to buy a 2070 card. Collection from Needham market"
1430783254,220422 1459,220519 2117,275.00,275.00,Gigabyte GTX 1660 SUPER 6GB,1660 SUPER 6GB RAM Fully working In basically new condition Sold because of upgrade
1430724997,220421 1459,220519 2117,260.00,200.00,MSI GeForce 1660 super ventus 6Gb OC,"This card is less than a year old, in perfect working order and is only being moved on as Iâ€™ve upgraded. Never been overclocked, never used to mine on. This card will run most games on high settings. Pick up only please"
1430676402,220420 1459,220519 2117,250.00,250.00,MSI 1660 Super Geforce GTX Graphics Card,MSI GeForce GTX 1660 Super Gaming X Graphics Card A brilliant card to get into PC gaming in Excellent condition had very little use and is with its original box .
1430619834,220420 1459,220519 2117,160.00,160.00,Gtx 1660 6gb,"Gtx 1660 6gb zotac , first owen, very good condition, cash only."
1430620779,220420 1459,220512 1717,350.00,350.00,1660 super ti,"Hardly used just upgraded open to offers 1660 super ti. Open to offers Posted by Paul in Computers, Laptops & Netbooks, Video Cards & Sound Cards in Dartford. 19 April 2022"
1431399997,220430 0845,220502 1459,250.00,230.00,Gigabyte GeForce GTX 1660 SUPER GAMING OC 6G,For sale is my gigabyte gtx 1660 super gaming oc 6g .I used this gpu for less than two years and can truly say that's is great gpu for 1080p gaming can run most of the games at high and ultra settings I've been using it to play games such as forza ho
1431226784,220427 1753,220519 2117,210.00,210.00,Gigabyte GTX 1660 Super 6GB GPU,2 years old moderately used Nvidia GTX 1660 Super gaming graphics card in perfect working condition and has never been overclocked. Manufactured by Gigabyte so it's on the higher end of this series. Selling because I don't have use for it anymore.
1431196436,220427 1753,220523 1034,200.00,200.00,NVidia 1660 OC 6GB GPU,"This graphics card is in great condition, and I am selling due to upgrading to a new PC. It comes alone with 2 setting screws, no box. Contact me for more info."
1431526674,220502 0956,220502 0956,180.00,180.00,NVidia GTX 1660 Super 6GB,"NVidia GTX 1660 Super 6GB graphics card. First class condition, this is the Gainward Super Pegasus model (stock photo from TechPowerup). GPU-Z readout for further details. [Note:- NVidia updated these cards to enable RayTracing but avoid, massive per"
1431488626,220501 1459,220530 0623,250.00,250.00,Nvidea GeForce GTX 1660 Super & Sonnet eGFX eGPU.,"To start, I will not post, have a courier collect or any other similar. This will be collection only, cash on collection. I will ignore any messages for anything but a local collection in person. Photos are the actual eGPU housing and GPU itself as o"
1432108694,220509 1743,220621 0749,200.00,145.00,MSI GeForce GTX 1660 SUPER VENTUS XS OC - 6GB GDDR6,"MSI GeForce GTX 1660 SUPER VENTUS XS OC Graphics Card in great condition. Used only for light gaming, selling as I've upgraded. Can be seen working on collection. Â£200"
1432097182,220509 1436,220530 0623,300.00,200.00,GTX 1660 TI 6GB,Gigabyte GTX 1660TI 6GB for sale due to upgrade. Comes with original box and anti static bag. Comes from smoke and pet free home. Collection from ayr only.I will not post. Â£300 or nearest offer.
1432096533,220509 1436,220530 0623,300.00,200.00,GTX 1660 SUPER OC 6GB,"Gigabyte Gtx 1660 super OC 6gb for sale, Comes with its original box and anti static bag, Selling due to upgrade Comes from smoke and pet free home. Collection from ayr only,I will not post. Â£300 or nearest offer."
1432052353,220509 0836,220530 0623,220.00,220.00,ASUS Phoenix GeForce GTX 1660 SUPER 6GB GDDR6 Graphics Card,ASUS Phoenix GeForce GTX 1660 SUPER 6GB GDDR6 Graphics Card Used for about 3 weeks and now I have upgraded already so looking to sell to make back some of the money. Â£220 ONO
1431975577,220508 0836,220523 1034,230.00,200.00,Msi Geforce GTX 1660 Super X,Msi Geforce GTX 1660 Super X in Excellent Condition 1 year old only used for music software and light gaming not really much use. Cash on Collection. Â£230 Liverpool L5 Area
1431959006,220508 0836,220508 0836,230.00,230.00,MSI NVIDIA GTX 1660 Ti ARMOR 6G OC,"A powerful card at very good condition; performs as expected and is physically undamaged. Comes with a factory overclock so you can start using it with a bang! Has a stylish, minimalistic black and white finish. Core/Memory: - Boost Clock: 1869MHz -"
1431894455,220507 0836,220523 1034,220.00,220.00,MSI NVIDIA GeForce GTX 1660 6GB Super Gaming X Graphics Card,MSI NVIDIA GeForce GTX 1660 6GB Super Gaming X Graphics Card. In perfect condition. Message for more information.
1431663294,220504 0836,220504 0836,250.00,250.00,EVGA GeForce GTX 1660 SC Ultra 6GB NEXT DAY DELIVERY(NON L,Opened never used Like new Receipt included Please don't hesitate to contact me for any questions. Postage available
1432248605,220511 1717,220530 0623,210.00,180.00,GTX 1660,"Looking to sell my old graphics card. Works absolutely fine, Iâ€™ve only used it for one year. Open to negations. Cash is preferred. Sold as seen."
1432297169,220512 0712,220512 0712,220.00,220.00,MSI GTX 1660 SUPER 6GB GAMING X,"MSI GTX 1660 SUPER 6GB Haven't owned the card for too long now. Runs very cool and quietly. Really nice RGB too, overall a lovely looking card. Repasted and cleaned. I am happy to ship the card. Comes with original packaging Performance is on par wi"
1432191967,220511 1717,220530 0623,200.00,200.00,GTX 1660 ZOTAC GAMING,"This is the ZOTAC GAMING GeForce GTX 1660 6GB GDDR5, I have had it since January 2020. Has run like a charm for me ever since, recently upgraded and therefore don't really have a use case for it so looking to sell. Has basically sat in the case th"
1432145773,220510 1717,220530 0623,360.00,360.00,BRAND NEW 1660 TI OC 6GB GRAPHICS CARD,"Gigabyte 1660 Ti OC graphics card, brand new, never usedâ€¦ 6GB GDDR5 - Windforce 2 comes with warranty. features GEFORCE EXPERIENCE The essential companion to your GeForce graphics card. Capture and share videos, screenshots, and live"
1432555221,220515 1246,220523 1034,180.00,180.00,1660 gigabyte oc edition gpu,1660 graphics card 6gb video ram and in very good clean condition 1 year old has only been used for normal gaming no over clocking.
1432537125,220515 0841,220523 1034,200.00,200.00,Gtx 1660 super graphics card gigabyte,Graphics card 6 months old comes with the box collection only stanley south moor bargain ffor 200 pounds as thease go for 350 plays all triple a gamess medium to high graphics message for any questions
1432514961,220515 0744,220519 2117,230.00,180.00,PNY 1660 Super GPU,"6GB graphics card, single fan version Has been able to handle any game I've thrown at it really well, selling due to upgrade"
1432455925,220515 0744,220519 2117,180.00,180.00,1660 graphics card,1660 graphics card in good working order taken from a pc that we upgraded
1432377147,220513 0744,220608 0744,349.00,349.00,MSI GeForce GTX 1660 SUPER GAMING X Graphics card,"For sale I have in stock a brand new MSI GeForce GTX 1660 SUPER GAMING X Graphics Card '6GB GDDR6, 1830Hz, RGB Mystic Light, 3x DisplayPort, HDMI, Dual Fan Cooling System' This advert is for the graphics card only shown in the image, but I also bu"
1432755780,220517 2203,220608 0744,250.00,200.00,MSI Gaming X - GTX 1660 Super,"Used but in excellent condition, can be seen working. Never overclocked and always kept cool. Bank Transfer on collection"
1432755663,220517 2203,220608 0744,250.00,200.00,MSI VENTUS XS - GTX 1660 super,"Used but in excellent condition, can be seen working. Never overclocked and always kept cool. Bank Transfer on collection"
1432728454,220517 1505,220523 1034,220.00,180.00,EVGA 1660 Super,"EVGA 1660 Super, only a few months old, works perfectly and is in like new condition. Boxed with all original packaging. Never been overclocked. Selling due to upgrade. Collection only please. Â£220 OVNO"
1432648219,220517 1003,220517 1003,180.00,180.00,1660 super graphics card (Brand new),"Brand new 1660 Super. Removed from a Prebuilt Desktop. Item can be collected at one of our offices, Strictly cash on collection, No online payments to avoid scams. This includes PayPal or Bank transfers. Cash only. Please Contact to arrange a"
1432784713,220518 2117,220613 0854,215.00,215.00,Asus TUF Gaming Geforce GTX 1660 Super - 6GB - GDDR6 GPU Graphics card,Asus GTX 1660 Super graphics card. Purchased just over a year ago and only used for light office work so it's likely one of the most underused cards in the country. No gaming or mining. Comes boxed and sealed in an anti-static bag. Cash on
1433040913,220522 1034,220613 0854,220.00,200.00,Asus Phoenix GeForce GTX 1660 SUPER 6gb GDDR6 Graphics Card,"Asus Phoenix GeForce GTX 1660 SUPER 6gb GDDR6 Graphics Card in great condition. Complete with box, Anti Static Bag and Manual Collection from Walcott NR12. Can be seen working."
1433027536,220522 1034,220613 0854,205.00,190.00,Zotac 1660 - Excellent Condition,Zotac 1660 6Gb graphics card - simply upgraded so no longer used. Boxed and never used in anger!
1432906416,220520 1034,220520 1034,170.00,170.00,Gigabyte GTX 1660 Super 6GB GPU,2 years old moderately used Nvidia GTX 1660 Super gaming graphics card in perfect working condition and has never been overclocked. Manufactured by Gigabyte so it's on the higher end of this series. Selling because I don't have use for it anymore.
1432906821,220520 1034,220613 0854,235.00,235.00,MSI 1660 SUPER VENTUS,This was installed in a pc for a friend who ended up getting a amd gpu instead so i just need to sell this on
1433516584,220528 0623,220710 1036,310.00,240.00,MSI GeForce GTX 1660 Ti Ventus XS 6G,"MSI GeForce GTX 1660 Ti Ventus XS 6G - Â£310 In good condition and perfect working order,  comes with orginal box . Cash on collection or bank transfer"
1433497772,220528 0623,220528 0623,150.00,150.00,GTX 1660 ventus XS OC Edition,Selling 1660 ventus. Good condition. Comes with box and anti static bag. Any questions let me know. Pick up preferred.
1433440325,220527 0623,220621 0749,250.00,250.00,Gigabyte 1660 super OC,"Gigabyte 1660 super OC edition, never overclocked past default, works perfectly. Only selling due to recent upgrade"
1433422170,220527 0623,220608 0744,180.00,150.00,MSI GTX 1660 Armour OC Edition,"Card is working perfectly, only selling due to upgrade. It's approx a year old with maybe 6 hours a week max usage gaming, never mined with etc... Specs in pics Collection only from Bearpark, price is firm"
1433411369,220527 0623,220527 0623,120.00,120.00,Gtx 1660 zotac 6gb ddr5,"First owen , very good condition, only cash , gtx 1660 zotac 6 gb ddr5"
1433352991,220526 0623,220613 0854,240.00,220.00,Asus GTX 1660 Super 6GB,"Selling my used GTX 1660 Super - high gaming usage, had for about half a year Collection preferred, delivery considered"
1433225832,220524 0623,220608 0744,200.00,200.00,Asus Phoenix GTX 1660 6GB OC Edition GPU,"Asus Phoenix GTX 1660 6GB OC Edition GPU for sale in very good condition, Â£200"
1433222952,220524 0623,220621 0749,320.00,290.00,Geforce GTX 1660 TI - GHOST,"Only 2 months of use, 2 year manufacturer's warranty. I don't accept exchanges"
1434395452,220607 1539,220624 1241,220.00,220.00,GTX 1660 Super Graphics Card,Used but in great condition Nvidia MSI GTX 1660 Super graphics card Local delivery or collection available
1434326725,220607 0744,220629 0736,250.00,250.00,LIKE NEW (2 months old never over clocked) Graphics Card PNY GeForce GTX 1660 Ti 6 GB Dual Fan,used this card for just 2 months until the card i wanted was available. it has never been over clocked and works like new. i paid Â£470 for this card but as its second hand i will sell it for discount if u want proof it still works feel free to call a
1434218920,220606 0744,220629 0736,200.00,200.00,Gigabyte Nvidia GeForce GTX 1660 SUPER OC 6G Graphics,Gigabyte Nvidia GeForce GTX 1660 SUPER OC 6G Graphics Card GPU card
1434218873,220606 0744,220629 0736,200.00,200.00,Gigabyte Nvidia GeForce GTX 1660 SUPER OC 6G Graphics Card GPU,Gigabyte Nvidia GeForce GTX 1660 SUPER OC 6G Graphics Card GPU card
1434218764,220606 0744,220629 0736,220.00,220.00,MSI GeForce GTX 1660 SUPER VENTUS XS OC 6GB,MSI GeForce GTX 1660 SUPER VENTUS XS OC 6GB GDDR6 Graphics Card
1434218690,220606 0744,220629 0736,220.00,220.00,MSI GeForce GTX 1660 SUPER VENTUS XS OC 6GB GDDR6 Graphics Card,MSI GeForce GTX 1660 SUPER VENTUS XS OC 6GB GDDR6 Graphics Card
1434218595,220606 0744,220629 0736,220.00,220.00,ZOTAC NVIDIA GeForce GTX 1660 SUPER 6GB GDDR6,ZOTAC NVIDIA GeForce GTX 1660 SUPER 6GB GDDR6 GPU Very good condition
1434218462,220606 0744,220629 0736,220.00,220.00,ZOTAC NVIDIA GeForce GTX 1660 SUPER 6GB GDDR6 Twin Fan Graphics Card,ZOTAC NVIDIA GeForce GTX 1660 SUPER 6GB GDDR6 Twin Fan Graphics Card
1434164881,220605 0744,220605 0744,135.00,135.00,Asus Phoenix GTX 1660 OC 6GB Graphics Card,"ASUS NVIDIA GTX 1660 PHOENIX 6G OC Graphics Card (PH-GTX1660-O6G) Cheapest price around for this GPU. GPU is in excellent condition & full working order. Upgraded to a 3070. Small form factor, great for any size case. Payment on collectio"
1434141740,220605 0744,220613 0854,150.00,150.00,GTX 1660 6gb graphics card.,For sale in good condition. Never overclocked great for games such as GTA fortnight halo infinite etc
1434057602,220604 0744,220613 0854,190.00,190.00,Gigabyte GTX 1660,GIGABYTE GV-N166SOC-6GD GeForce GTX 1660 6GB GDDR6 Graphics Card. Hardly used. Selling due to donâ€™t game as much and prefer console gaming. Only used for 4 months. This graphics card/GPU has never been overclocked. I have also never done any gaming
1404306078,220603 0744,220629 0736,240.00,240.00,1660 SUPER,Unopened ASUS Phoenix 1660 super can show the scan receipt and working upon collection
1433863246,220601 0744,220710 1036,250.00,250.00,ZOTAC Nvidia GTX 1660 Ti TWIN FAN 6Gb DDR6,"ZOTAC Nvidia GTX 1660 Ti TWIN FAN 6Gb DDR6 Condition: Used Grade: A++ Connection: PCIE 3.0 I don't have the original box but I am sullying a replacement box from another brand, please see the photo."
1433863083,220601 0744,220710 1036,250.00,250.00,ZOTAC Nvidia GTX 1660 SUPER TWIN FAN 6Gb DDR6,ZOTAC Nvidia GTX 1660 SUPER TWIN FAN 6Gb DDR6 Condition: Used Grade: A++ Connection: PCIE 3.0 I have 2 on stock. Please email me for multiple items discount.
1433861214,220601 0744,220710 1036,250.00,250.00,Gigabyte Nvidia GeForce GTX 1660 Ti - 6Gb DDR Memory,Gigabyte Nvidia GeForce GTX 1660 Ti - 6Gb DDR Memory Condition: Used Grade: A Connection: PCIE 3.0
1433860477,220601 0744,220710 1036,250.00,250.00,PNY Nvidia GeForce GTX 1660 Ti - 6Gb DDR Memory,PNY Nvidia GeForce GTX 1660 Ti - 6Gb DDR Memory Condition: Used Grade: A++ Connection: PCIE 3.0 The price is Â£300 for one Video Card. I have 6 on stock. Please contact me for multiple item purchase discount.
1433798359,220601 0744,220629 0736,150.00,150.00,Palit NVIDIA GeForce GTX 1660 Super OC 6GB GDDR6 Graphics Card,"Used. In great working condition, like new. Selling due to upgrade to a newer card. This is a high performing card and can run high/ultra graphic games at 120fps+."
1433724770,220531 0744,220624 1241,180.00,180.00,MSI Ventus GTX 1660 OC 6GB,"MSI Ventus GTX 1660 OC 6GB . Bought 3 months ago from CCL Computers, so like a new graphics card. still under warranty. Collection only . Text me or mail me I will answer as soon as I can . Thanks"
1434812984,220613 0601,220613 0601,170.00,170.00,Asus Pheonix 1660 6GB GDDR5,Asus Phoenix GTX 1660 6GB GDDR5 GPU for sale in very good condition
1434719057,220612 0854,220612 0854,200.00,200.00,Gtx 1660 Super 6gb GDDR6 Graphics Card,Selling my gtx 1660 Super 6gb GDDR6 graphics card. The item is in perfect condition and comes with original box and paperwork.
1434702519,220612 0854,220612 0854,170.00,170.00,Gigabyte GeForce GTX 1660 SUPER 6GB GAMING OC Graphics Card GDDR6,"This is in as new condition, Only selling as I donâ€™t really get the time to play anymore due to work. This is collection only or could meet local."
1434444985,220609 0854,220621 0749,150.00,150.00,Nvidia GTX 1660 MSI Armor OC Edition,"Card is working perfectly, only selling due to upgrade. It's approx a year old with maybe 6 hours a week max usage gaming, never mined with etc... Specs in pics Collection only from Bearpark, price is firm"
1435076225,220616 0749,220629 0736,200.00,200.00,Gigabyte GTX 1660 Ti OC 6Gb (used),"Used Gigabyte 1660 Ti cards. good cards for a budget build. I have 2 for sale both in box and in tip top condition, was going to build a Pc for my brother but he bought something else. Â£200 Each Will post for extra cost of Â£7 tracked. Thank"
1435124918,220620 1041,220710 1036,400.00,380.00,"Clearout: 3080, 3070, 1660 Super, 5600 XT, 5500 XT","Mining cards. Used for about a year. All are in good condition, tested and working. Come with boxes. 3080 - Â£550 (sold) 3700 - Â£400 3600 Ti - Â£350 (sold) 1660 Super - Â£160 5600 XT 6Gb - Â£190 5500 XT 8Gb - Â£140 Prices are quite a bit lo"
1435404631,220620 0749,220620 0749,170.00,170.00,GIGABYTE GeForce GTX 1660 Super 6GB GDDR6 (Used),"I've had this card since October 2020 and have used it for moderate gaming - No mining etc and I have not overclocked this card. As you can see, it's been in my computer. It's a good card for 1080 gaming. It's in full working order. My reason"
1435363938,220620 0749,220710 1036,200.00,200.00,Gtx 1660 super OC 6gb,"Not even a year old, selling due to upgrading this is still a decent gpu can run most games on high settings and stil hit over 100fps tweaking the settings you can get more it runs a 6gb gddr6 and can run raytracing on some games, a good fast card"
1435263705,220619 0749,220710 1036,199.00,199.00,EVGA Geforce GTX 1660 SUPER 6GB GDDR6 SC ULTRA - Great condition,"EVGA GeForce GTX 1660 SUPER 6GB GDDR6 SC ULTRA GAMING In great condition, as pictured! Comes in an original box, with all the accessories and documentation. Delivery and collection are available."
1435255712,220619 0749,220710 1036,250.00,250.00,GTX 1660 TI graphics card,MSI GTX 1660 Ti GPU 6Gb GDDR6 Dual fan Excellent Condition 18 months usage Selling due to an upgrade
1435165873,220618 0749,220710 1036,170.00,150.00,Gtx 1660 Super 6gb Graphics Card,Gigabyte Gtx 1660 Super 6gb Graphics Card Perfect condition fully working no issues
1435165855,220618 0749,220710 1036,180.00,180.00,Gtx 1660 Super 6gb Graphics Card,Zotac Gaming Gtx 1660 6gb Super Graphics Card Perfect Condtion fully working
1435131965,220617 0749,220710 1036,220.00,220.00,1660 super ventus XS GeForce GTX Super GPU,"Great card will run pretty much everything, still in original box as hardly used."
1435119633,220617 0749,220629 0736,200.00,200.00,ZOTAC GAMING GeForce GTX 1660 Ti 6GB GDDR6 graphics card,This GTX 1660 Ti 6GB GDDR6 version is the most powerful of the 16th series of nVidia Geforce graphics cards. In perfect condition - taken from a working system where it was used mainly as a card to display content on the monitor during office wor
1435003641,220615 0749,220710 1036,185.00,185.00,GTX 1660 SUPER Ventus 6gb OC edition,"Fantastic card, mid range beast and only used for 6 months. Collection preferably."
1434922789,220615 0749,220615 0749,155.00,155.00,Gigabyte NVIDIA GTX 1660 6g oc,New sealed GTX 1660 graphics card Was going to upgrade my system but decided to buy a new already custom built System so card no longer required.
1434834903,220614 0749,220710 1036,150.00,150.00,GTX 1660 SUPER VENTUS,"great card, in full working order. will produce great frames at any game you throw at it. message me for any inquiries:)"
1435760611,220624 0948,220624 0948,150.00,150.00,MSI Nvidia GeForce GTX 1660 Armor 6G OC Graphics Card 6 GB,"Great little card. Has had 5-6 months of fair daily use (between 3-4 hours per day) But finally upgraded to a newer card. Will be cleaned up prior to sale. Can be seen working in my rig if requested. Collection only please, i have no way to be able t"
1435632764,220623 1241,220710 1036,160.00,150.00,Nvidia GTX 1660 Super MSI Ventus XS OC,"1660 Super MSI Ventus XS OC edition. 6GB GDDR6 192-bit memory. DisplayPort x3, HDMI 2.0b x1. DirectX 12. Bought 12 months ago, seeing minimal use while awaiting replacement/upgrade. In original packaging. Swapped out for RTX card in June 2022. Excel"
1435602080,220622 1241,220622 1241,160.00,160.00,Graphics Card MSI 1660 Ventus XS OC Edition 6GB,MSI GeForce GTX Ventus XS OC Edition 6GB Â£160 ONO Brilliant Graphics Card Plays All Top Games All In Its Original Box Selling Due To Not Being Used Collection Or Posted At Buyers Cost Any Questions Feel Free To Message Thank You ðŸ™‚
1435583456,220622 1241,220710 1036,225.00,225.00,GTX 1660 SUPER,"Used, had for a few months now. Looking to upgrade Great card for 1440p and 1080p Hasn't been used for mining. Bank transfer on delivery or collection."
1435574592,220622 1241,220710 1036,180.00,180.00,EVGA 1660 Super,"Selling due to recent upgrade. Would suit 1080p gaming, good little mid ranged card that has served me well. All original packaging/ paperwork still in good condition. Any questions, feel free to message me."
1435976052,220627 0736,220710 1036,150.00,150.00,Gtx 1660 graphics card 6gb,"Decent card in decent condition,no offers gtx 1660 6gb gddr5,original box,pick up only."
1435943906,220627 0736,220710 1036,220.00,220.00,GeForce GTX 1660 super,GeForce GTX Boxed Selling due to upgrading PC Any questions donâ€™t hesitate to ask No offers
1435832442,220626 0736,220710 1036,180.00,180.00,Msi Ventus 1660 super,MODEL NAME GeForceÂ® GTX 1660 SUPERâ„¢ VENTUS XS OC GRAPHICS PROCESSING UNIT NVIDIAÂ® GeForceÂ® GTX 1660 SUPERâ„¢ INTERFACE PCI Express x16 3.0 CORE CLOCKS Boost:1815MHz CUDAÂ® CORES 1408Units MEMORY SPEED 14 Gbps MEMORY 6GB GDDR6 MEMORY BUS 1
1435832185,220626 0736,220710 1036,175.00,175.00,Msi Gtx 1660 super Gamingx,Core/Memory Boost Clock / Memory Speed 1830 MHz / 14 Gbps 6GB GDDR6 DisplayPort x 3(v1.4a) HDMI x 1(Supports 4K 60Hz as specified in HDMI 2.0b) Twin Frozr 7 Thermal Design TORX Fan 3.0 - Dispersion fan blade: Steep curved blade accelerating the
1435832425,220626 0736,220710 1036,160.00,160.00,GIGABYTE GeForce GTX 1660 Super 6GB GDDR6 (Used),GIGABYTE GeForce GTX 1660 Super 6GB GDDR6 (Used) Collection only at this time. No box.
1435807594,220625 0736,220710 1036,200.00,200.00,ASUS TUF Gaming OC GTX 1660 SUPER 6GB GDDR6,ASUS TUF Gaming OC GTX 1660 SUPER 6GB GDDR6 in very good condition. Only used for about 1 week. I got a new graphics card so I'm selling this one. Unfortunately I don't have the original box as when I first got it I didn't think I was going to sell i
1436746586,220706 1622,220706 1622,160.00,160.00,As New GTX 1660 Super 6GB with EVGA warrenty Graphics Card,Like new condition with original box and with about 2.5 year warrenty with EVGA BARGAIN Bought about 6 month ago for around Â£250 Priced to quick sale no offers Collection from south wigston
1436498902,220704 1330,220710 1036,190.00,190.00,GeForce GTX 1660 Graphics Card,"Upgraded to a 3060 and therefore no longer used, hasnâ€™t really been put to much use to be honest! ZOTAC GeForce GTX 1660 6GB Graphics Card (ZTT16620F10B) Nvidia GTX 1660 6GB GDDR5 1785MHz Boost Clock"
1436421106,220702 1330,220709 0901,180.00,180.00,ZOTAC GAMING GeForce GTX 1660 Ti 6GB GDDR6 (ZT-T16610F-10L),This GTX 1660 Ti 6GB GDDR6 version is the most powerful of the 16th series of nVidia Geforce graphics cards. In perfect condition - taken from a working system where it was used mainly as a card to display content on the monitor during office wor
1436357064,220702 1330,220710 1036,225.00,225.00,Nvidea GeForce GTX 1660 Super & Sonnet eGFX eGPU.,"Nvidea GeForce GTX 1660 Super & Sonnet eGFX eGPU. eGPU case allows for Thunderbolt 3 connection to Laptop/Desktop/AiO to use the GPU. Selling as barely used, all fully working and can be seen functional. Selling as eGPU and GPU together, but no rea"
1435171536,220617 1330,220710 1036,180.00,180.00,Gigabyte GeForce GTX 1660 Super OC 6GB GDDR6 Graphics Card Gaming GPU,"Used for just over 1 year running games such as Warzone and Forza at over 100 FPS. Great GPU for gaming, never overclocked and still runs great, only selling due to getting a new Graphics Card. Sadly I have lost the internal foam packaging and plasti"
1436886289,220709 0803,220710 1036,165.00,165.00,ASUS GTX 1660 Super 6GB,"Selling my used GTX 1660 Super - working condition Collection preferred, delivery considered"
1436909710,220708 2101,220710 1036,250.00,250.00,Asus TUF Rtx 1660 super Gpu Graphics card,"Asus TUF rtx 1660 Super OC 6gb Overclocked edition Removed from system, Includes box and receipt. Selling due to upgrade Cash on collection. No post thanks"
1405435585,220708 1656,220710 1036,200.00,200.00,Msi GTX 1660 super,1660 super Cash on collection Has original box S80 Worksop Thank you
1436810511,220708 0901,220710 1036,200.00,200.00,Gigabyte GeForce GTX 1660 SUPER 6GB,"Selling as I recently upgraded, about a year old and has only been used for gaming and nothing intensive like bitcoin mining No original packaging etc. included, just the card itself Collection only"
1436932199,220709 1133,220709 1133,140.00,140.00,Palit 1660 Super Graphics Card Boxed,Palit 1660 Super Graphics Card Boxed Fully working Â£140 Cash or bank transfer
